CREATE DATABASE  IF NOT EXISTS `studentmanagement` /*!40100 DEFAULT CHARACTER SET utf8mb4 COLLATE utf8mb4_0900_ai_ci */ /*!80016 DEFAULT ENCRYPTION='N' */;
USE `studentmanagement`;
-- MySQL dump 10.13  Distrib 8.0.18, for Win64 (x86_64)
--
-- Host: 127.0.0.1    Database: studentmanagement
-- ------------------------------------------------------
-- Server version	8.0.18

/*!40101 SET @OLD_CHARACTER_SET_CLIENT=@@CHARACTER_SET_CLIENT */;
/*!40101 SET @OLD_CHARACTER_SET_RESULTS=@@CHARACTER_SET_RESULTS */;
/*!40101 SET @OLD_COLLATION_CONNECTION=@@COLLATION_CONNECTION */;
/*!50503 SET NAMES utf8 */;
/*!40103 SET @OLD_TIME_ZONE=@@TIME_ZONE */;
/*!40103 SET TIME_ZONE='+00:00' */;
/*!40014 SET @OLD_UNIQUE_CHECKS=@@UNIQUE_CHECKS, UNIQUE_CHECKS=0 */;
/*!40014 SET @OLD_FOREIGN_KEY_CHECKS=@@FOREIGN_KEY_CHECKS, FOREIGN_KEY_CHECKS=0 */;
/*!40101 SET @OLD_SQL_MODE=@@SQL_MODE, SQL_MODE='NO_AUTO_VALUE_ON_ZERO' */;
/*!40111 SET @OLD_SQL_NOTES=@@SQL_NOTES, SQL_NOTES=0 */;

--
-- Table structure for table `attendance`
--

DROP TABLE IF EXISTS `attendance`;
/*!40101 SET @saved_cs_client     = @@character_set_client */;
/*!50503 SET character_set_client = utf8mb4 */;
CREATE TABLE `attendance` (
  `course_id` int(11) NOT NULL,
  `student_id` int(11) NOT NULL,
  `course_time` datetime NOT NULL,
  `attended` tinyint(1) DEFAULT NULL,
  PRIMARY KEY (`course_id`,`student_id`,`course_time`),
  KEY `FK_Stud_idx` (`student_id`) /*!80000 INVISIBLE */
) ENGINE=InnoDB DEFAULT CHARSET=utf8mb4 COLLATE=utf8mb4_0900_ai_ci;
/*!40101 SET character_set_client = @saved_cs_client */;

--
-- Dumping data for table `attendance`
--

LOCK TABLES `attendance` WRITE;
/*!40000 ALTER TABLE `attendance` DISABLE KEYS */;
INSERT INTO `attendance` VALUES (1,1,'2018-12-10 11:11:11',1),(2,2,'2015-12-10 11:11:11',0),(2,3,'2009-12-10 05:14:11',0),(3,1,'2009-12-10 05:14:11',1);
/*!40000 ALTER TABLE `attendance` ENABLE KEYS */;
UNLOCK TABLES;

--
-- Table structure for table `course_schedule`
--

DROP TABLE IF EXISTS `course_schedule`;
/*!40101 SET @saved_cs_client     = @@character_set_client */;
/*!50503 SET character_set_client = utf8mb4 */;
CREATE TABLE `course_schedule` (
  `course_id` bigint(20) NOT NULL,
  `course_date` date DEFAULT NULL,
  `teacher_id` bigint(20) DEFAULT NULL,
  PRIMARY KEY (`course_id`)
) ENGINE=InnoDB DEFAULT CHARSET=utf8mb4 COLLATE=utf8mb4_0900_ai_ci;
/*!40101 SET character_set_client = @saved_cs_client */;

--
-- Dumping data for table `course_schedule`
--

LOCK TABLES `course_schedule` WRITE;
/*!40000 ALTER TABLE `course_schedule` DISABLE KEYS */;
/*!40000 ALTER TABLE `course_schedule` ENABLE KEYS */;
UNLOCK TABLES;

--
-- Table structure for table `courses`
--

DROP TABLE IF EXISTS `courses`;
/*!40101 SET @saved_cs_client     = @@character_set_client */;
/*!50503 SET character_set_client = utf8mb4 */;
CREATE TABLE `courses` (
  `course_id` int(11) NOT NULL,
  `Course_Name` varchar(45) NOT NULL,
  PRIMARY KEY (`course_id`)
) ENGINE=InnoDB DEFAULT CHARSET=utf8mb4 COLLATE=utf8mb4_0900_ai_ci;
/*!40101 SET character_set_client = @saved_cs_client */;

--
-- Dumping data for table `courses`
--

LOCK TABLES `courses` WRITE;
/*!40000 ALTER TABLE `courses` DISABLE KEYS */;
INSERT INTO `courses` VALUES (1,'Chemistry'),(2,'Maths'),(3,'Physics');
/*!40000 ALTER TABLE `courses` ENABLE KEYS */;
UNLOCK TABLES;

--
-- Table structure for table `hibernate_sequence`
--

DROP TABLE IF EXISTS `hibernate_sequence`;
/*!40101 SET @saved_cs_client     = @@character_set_client */;
/*!50503 SET character_set_client = utf8mb4 */;
CREATE TABLE `hibernate_sequence` (
  `next_val` bigint(20) DEFAULT NULL
) ENGINE=InnoDB DEFAULT CHARSET=utf8mb4 COLLATE=utf8mb4_0900_ai_ci;
/*!40101 SET character_set_client = @saved_cs_client */;

--
-- Dumping data for table `hibernate_sequence`
--

LOCK TABLES `hibernate_sequence` WRITE;
/*!40000 ALTER TABLE `hibernate_sequence` DISABLE KEYS */;
INSERT INTO `hibernate_sequence` VALUES (1);
/*!40000 ALTER TABLE `hibernate_sequence` ENABLE KEYS */;
UNLOCK TABLES;

--
-- Table structure for table `oauth_access_token`
--

DROP TABLE IF EXISTS `oauth_access_token`;
/*!40101 SET @saved_cs_client     = @@character_set_client */;
/*!50503 SET character_set_client = utf8mb4 */;
CREATE TABLE `oauth_access_token` (
  `token_id` varchar(255) DEFAULT NULL,
  `token` mediumblob,
  `authentication_id` varchar(255) NOT NULL,
  `user_name` varchar(255) DEFAULT NULL,
  `client_id` varchar(255) DEFAULT NULL,
  `authentication` mediumblob,
  `refresh_token` varchar(255) DEFAULT NULL,
  PRIMARY KEY (`authentication_id`)
) ENGINE=InnoDB DEFAULT CHARSET=utf8mb4 COLLATE=utf8mb4_0900_ai_ci;
/*!40101 SET character_set_client = @saved_cs_client */;

--
-- Dumping data for table `oauth_access_token`
--

LOCK TABLES `oauth_access_token` WRITE;
/*!40000 ALTER TABLE `oauth_access_token` DISABLE KEYS */;
INSERT INTO `oauth_access_token` VALUES ('75a4b1d3b2abc830d703e6dd4edb7eb4',_binary '¨\Ì\0sr\0Corg.springframework.security.oauth2.common.DefaultOAuth2AccessToken≤û6$˙\Œ\0L\0additionalInformationt\0Ljava/util/Map;L\0\nexpirationt\0Ljava/util/Date;L\0refreshTokent\0?Lorg/springframework/security/oauth2/common/OAuth2RefreshToken;L\0scopet\0Ljava/util/Set;L\0	tokenTypet\0Ljava/lang/String;L\0valueq\0~\0xpsr\0java.util.Collections$EmptyMapY6ÖZ\‹\Á\–\0\0xpsr\0java.util.DatehjÅKYt\0\0xpw\0\0o/x\“xsr\0Lorg.springframework.security.oauth2.common.DefaultExpiringOAuth2RefreshToken/\ﬂGcù\–…∑\0L\0\nexpirationq\0~\0xr\0Dorg.springframework.security.oauth2.common.DefaultOAuth2RefreshTokens\·\ncT\‘^\0L\0valueq\0~\0xpt\0$4e447541-b60a-4388-9f04-44eb4a3ec12bsq\0~\0	w\0\0o0ãzèxsr\0%java.util.Collections$UnmodifiableSetÄí—èõÄU\0\0xr\0,java.util.Collections$UnmodifiableCollectionB\0Ä\À^˜\0L\0ct\0Ljava/util/Collection;xpsr\0java.util.LinkedHashSet\ÿl\◊Zï\›*\0\0xr\0java.util.HashSet∫DÖïñ∏∑4\0\0xpw\0\0\0?@\0\0\0\0\0t\0readt\0writet\0trustxt\0bearert\0$6fc56c15-65e8-4a13-8edc-c63dd8ed5dae','3f18ce2a00f0b8afd73c93408795bd2d','Cook','Client',_binary '¨\Ì\0sr\0Aorg.springframework.security.oauth2.provider.OAuth2AuthenticationΩ@bR\0L\0\rstoredRequestt\0<Lorg/springframework/security/oauth2/provider/OAuth2Request;L\0userAuthenticationt\02Lorg/springframework/security/core/Authentication;xr\0Gorg.springframework.security.authentication.AbstractAuthenticationToken”™(~nGd\0Z\0\rauthenticatedL\0authoritiest\0Ljava/util/Collection;L\0detailst\0Ljava/lang/Object;xp\0sr\0&java.util.Collections$UnmodifiableList¸%1µ\Ïé\0L\0listt\0Ljava/util/List;xr\0,java.util.Collections$UnmodifiableCollectionB\0Ä\À^˜\0L\0cq\0~\0xpsr\0java.util.ArrayListxÅ\“ô\«aù\0I\0sizexp\0\0\0w\0\0\0sr\0Borg.springframework.security.core.authority.SimpleGrantedAuthority\0\0\0\0\0\0\0L\0rolet\0Ljava/lang/String;xpt\0ROLE_TEACHERxq\0~\0psr\0:org.springframework.security.oauth2.provider.OAuth2Request\0\0\0\0\0\0\0\0Z\0approvedL\0authoritiesq\0~\0L\0\nextensionst\0Ljava/util/Map;L\0redirectUriq\0~\0L\0refresht\0;Lorg/springframework/security/oauth2/provider/TokenRequest;L\0resourceIdst\0Ljava/util/Set;L\0\rresponseTypesq\0~\0xr\08org.springframework.security.oauth2.provider.BaseRequest6(z>£qiΩ\0L\0clientIdq\0~\0L\0requestParametersq\0~\0L\0scopeq\0~\0xpt\0Clientsr\0%java.util.Collections$UnmodifiableMapÒ•®˛tıB\0L\0mq\0~\0xpsr\0java.util.HashMap\⁄¡\√`\—\0F\0\nloadFactorI\0	thresholdxp?@\0\0\0\0\0w\0\0\0\0\0\0t\0\ngrant_typet\0passwordt\0usernamet\0Cookxsr\0%java.util.Collections$UnmodifiableSetÄí—èõÄU\0\0xq\0~\0	sr\0java.util.LinkedHashSet\ÿl\◊Zï\›*\0\0xr\0java.util.HashSet∫DÖïñ∏∑4\0\0xpw\0\0\0?@\0\0\0\0\0t\0readt\0writet\0trustxsq\0~\0#w\0\0\0?@\0\0\0\0\0\0xsq\0~\0\Z?@\0\0\0\0\0\0w\0\0\0\0\0\0\0xppsq\0~\0#w\0\0\0?@\0\0\0\0\0\0xsq\0~\0#w\0\0\0?@\0\0\0\0\0\0xsr\0Oorg.springframework.security.authentication.UsernamePasswordAuthenticationToken\0\0\0\0\0\0\0L\0credentialsq\0~\0L\0	principalq\0~\0xq\0~\0sq\0~\0sq\0~\0\0\0\0w\0\0\0q\0~\0xq\0~\0/sr\0java.util.LinkedHashMap4¿N\\l¿˚\0Z\0accessOrderxq\0~\0\Z?@\0\0\0\0\0w\0\0\0\0\0\0q\0~\0q\0~\0q\0~\0q\0~\0x\0psr\02org.springframework.security.core.userdetails.User\0\0\0\0\0\0\0Z\0accountNonExpiredZ\0accountNonLockedZ\0credentialsNonExpiredZ\0enabledL\0authoritiesq\0~\0L\0passwordq\0~\0L\0usernameq\0~\0xpsq\0~\0 sr\0java.util.TreeSet›òPìï\Ìá[\0\0xpsr\0Forg.springframework.security.core.userdetails.User$AuthorityComparator\0\0\0\0\0\0\0\0xpw\0\0\0q\0~\0xpt\0Cook','a8590c9eb4458d270790a70739a67216'),('b6cdc6ec139c50aa50cbe0f185cc7668',_binary '¨\Ì\0sr\0Corg.springframework.security.oauth2.common.DefaultOAuth2AccessToken≤û6$˙\Œ\0L\0additionalInformationt\0Ljava/util/Map;L\0\nexpirationt\0Ljava/util/Date;L\0refreshTokent\0?Lorg/springframework/security/oauth2/common/OAuth2RefreshToken;L\0scopet\0Ljava/util/Set;L\0	tokenTypet\0Ljava/lang/String;L\0valueq\0~\0xpsr\0java.util.Collections$EmptyMapY6ÖZ\‹\Á\–\0\0xpsr\0java.util.DatehjÅKYt\0\0xpw\0\0o/,+\Zxsr\0Lorg.springframework.security.oauth2.common.DefaultExpiringOAuth2RefreshToken/\ﬂGcù\–…∑\0L\0\nexpirationq\0~\0xr\0Dorg.springframework.security.oauth2.common.DefaultOAuth2RefreshTokens\·\ncT\‘^\0L\0valueq\0~\0xpt\0$1c7ab0a1-63f1-4e26-bc21-37f6a37a0665sq\0~\0	w\0\0o/2\nxsr\0%java.util.Collections$UnmodifiableSetÄí—èõÄU\0\0xr\0,java.util.Collections$UnmodifiableCollectionB\0Ä\À^˜\0L\0ct\0Ljava/util/Collection;xpsr\0java.util.LinkedHashSet\ÿl\◊Zï\›*\0\0xr\0java.util.HashSet∫DÖïñ∏∑4\0\0xpw\0\0\0?@\0\0\0\0\0t\0readt\0writet\0trustxt\0bearert\0$54bea372-800d-4554-8c3a-23aca0dd9eed','932a5c83e1c3b4acc9a192e264527c51','Tim','Client',_binary '¨\Ì\0sr\0Aorg.springframework.security.oauth2.provider.OAuth2AuthenticationΩ@bR\0L\0\rstoredRequestt\0<Lorg/springframework/security/oauth2/provider/OAuth2Request;L\0userAuthenticationt\02Lorg/springframework/security/core/Authentication;xr\0Gorg.springframework.security.authentication.AbstractAuthenticationToken”™(~nGd\0Z\0\rauthenticatedL\0authoritiest\0Ljava/util/Collection;L\0detailst\0Ljava/lang/Object;xp\0sr\0&java.util.Collections$UnmodifiableList¸%1µ\Ïé\0L\0listt\0Ljava/util/List;xr\0,java.util.Collections$UnmodifiableCollectionB\0Ä\À^˜\0L\0cq\0~\0xpsr\0java.util.ArrayListxÅ\“ô\«aù\0I\0sizexp\0\0\0w\0\0\0sr\0Borg.springframework.security.core.authority.SimpleGrantedAuthority\0\0\0\0\0\0\0L\0rolet\0Ljava/lang/String;xpt\0\nROLE_ADMINxq\0~\0psr\0:org.springframework.security.oauth2.provider.OAuth2Request\0\0\0\0\0\0\0\0Z\0approvedL\0authoritiesq\0~\0L\0\nextensionst\0Ljava/util/Map;L\0redirectUriq\0~\0L\0refresht\0;Lorg/springframework/security/oauth2/provider/TokenRequest;L\0resourceIdst\0Ljava/util/Set;L\0\rresponseTypesq\0~\0xr\08org.springframework.security.oauth2.provider.BaseRequest6(z>£qiΩ\0L\0clientIdq\0~\0L\0requestParametersq\0~\0L\0scopeq\0~\0xpt\0Clientsr\0%java.util.Collections$UnmodifiableMapÒ•®˛tıB\0L\0mq\0~\0xpsr\0java.util.HashMap\⁄¡\√`\—\0F\0\nloadFactorI\0	thresholdxp?@\0\0\0\0\0w\0\0\0\0\0\0t\0\ngrant_typet\0passwordt\0usernamet\0Timxsr\0%java.util.Collections$UnmodifiableSetÄí—èõÄU\0\0xq\0~\0	sr\0java.util.LinkedHashSet\ÿl\◊Zï\›*\0\0xr\0java.util.HashSet∫DÖïñ∏∑4\0\0xpw\0\0\0?@\0\0\0\0\0t\0readt\0writet\0trustxsq\0~\0#w\0\0\0?@\0\0\0\0\0\0xsq\0~\0\Z?@\0\0\0\0\0\0w\0\0\0\0\0\0\0xppsq\0~\0#w\0\0\0?@\0\0\0\0\0\0xsq\0~\0#w\0\0\0?@\0\0\0\0\0\0xsr\0Oorg.springframework.security.authentication.UsernamePasswordAuthenticationToken\0\0\0\0\0\0\0L\0credentialsq\0~\0L\0	principalq\0~\0xq\0~\0sq\0~\0sq\0~\0\0\0\0w\0\0\0q\0~\0xq\0~\0/sr\0java.util.LinkedHashMap4¿N\\l¿˚\0Z\0accessOrderxq\0~\0\Z?@\0\0\0\0\0w\0\0\0\0\0\0q\0~\0q\0~\0q\0~\0q\0~\0x\0psr\02org.springframework.security.core.userdetails.User\0\0\0\0\0\0\0Z\0accountNonExpiredZ\0accountNonLockedZ\0credentialsNonExpiredZ\0enabledL\0authoritiesq\0~\0L\0passwordq\0~\0L\0usernameq\0~\0xpsq\0~\0 sr\0java.util.TreeSet›òPìï\Ìá[\0\0xpsr\0Forg.springframework.security.core.userdetails.User$AuthorityComparator\0\0\0\0\0\0\0\0xpw\0\0\0q\0~\0xpt\0Tim','2c1efdf9c2905a4e62f570745d2082cf'),('665f8514e92357423d3395ebbe31fe25',_binary '¨\Ì\0sr\0Corg.springframework.security.oauth2.common.DefaultOAuth2AccessToken≤û6$˙\Œ\0L\0additionalInformationt\0Ljava/util/Map;L\0\nexpirationt\0Ljava/util/Date;L\0refreshTokent\0?Lorg/springframework/security/oauth2/common/OAuth2RefreshToken;L\0scopet\0Ljava/util/Set;L\0	tokenTypet\0Ljava/lang/String;L\0valueq\0~\0xpsr\0java.util.Collections$EmptyMapY6ÖZ\‹\Á\–\0\0xpsr\0java.util.DatehjÅKYt\0\0xpw\0\0o0xsr\0Lorg.springframework.security.oauth2.common.DefaultExpiringOAuth2RefreshToken/\ﬂGcù\–…∑\0L\0\nexpirationq\0~\0xr\0Dorg.springframework.security.oauth2.common.DefaultOAuth2RefreshTokens\·\ncT\‘^\0L\0valueq\0~\0xpt\0$385edfd0-7e1d-402b-bc55-a7d58921797dsq\0~\0	w\0\0o\Z©∞xsr\0%java.util.Collections$UnmodifiableSetÄí—èõÄU\0\0xr\0,java.util.Collections$UnmodifiableCollectionB\0Ä\À^˜\0L\0ct\0Ljava/util/Collection;xpsr\0java.util.LinkedHashSet\ÿl\◊Zï\›*\0\0xr\0java.util.HashSet∫DÖïñ∏∑4\0\0xpw\0\0\0?@\0\0\0\0\0t\0readt\0writet\0trustxt\0bearert\0$6f9e2b00-c3a0-40b1-9bed-6bb98069909b','c36f4bb3d0d1c07b1ccdbb523b1d79b9','Pam','Client',_binary '¨\Ì\0sr\0Aorg.springframework.security.oauth2.provider.OAuth2AuthenticationΩ@bR\0L\0\rstoredRequestt\0<Lorg/springframework/security/oauth2/provider/OAuth2Request;L\0userAuthenticationt\02Lorg/springframework/security/core/Authentication;xr\0Gorg.springframework.security.authentication.AbstractAuthenticationToken”™(~nGd\0Z\0\rauthenticatedL\0authoritiest\0Ljava/util/Collection;L\0detailst\0Ljava/lang/Object;xp\0sr\0&java.util.Collections$UnmodifiableList¸%1µ\Ïé\0L\0listt\0Ljava/util/List;xr\0,java.util.Collections$UnmodifiableCollectionB\0Ä\À^˜\0L\0cq\0~\0xpsr\0java.util.ArrayListxÅ\“ô\«aù\0I\0sizexp\0\0\0w\0\0\0sr\0Borg.springframework.security.core.authority.SimpleGrantedAuthority\0\0\0\0\0\0\0L\0rolet\0Ljava/lang/String;xpt\0	ROLE_USERxq\0~\0psr\0:org.springframework.security.oauth2.provider.OAuth2Request\0\0\0\0\0\0\0\0Z\0approvedL\0authoritiesq\0~\0L\0\nextensionst\0Ljava/util/Map;L\0redirectUriq\0~\0L\0refresht\0;Lorg/springframework/security/oauth2/provider/TokenRequest;L\0resourceIdst\0Ljava/util/Set;L\0\rresponseTypesq\0~\0xr\08org.springframework.security.oauth2.provider.BaseRequest6(z>£qiΩ\0L\0clientIdq\0~\0L\0requestParametersq\0~\0L\0scopeq\0~\0xpt\0Clientsr\0%java.util.Collections$UnmodifiableMapÒ•®˛tıB\0L\0mq\0~\0xpsr\0java.util.HashMap\⁄¡\√`\—\0F\0\nloadFactorI\0	thresholdxp?@\0\0\0\0\0w\0\0\0\0\0\0t\0\ngrant_typet\0passwordt\0usernamet\0Pamxsr\0%java.util.Collections$UnmodifiableSetÄí—èõÄU\0\0xq\0~\0	sr\0java.util.LinkedHashSet\ÿl\◊Zï\›*\0\0xr\0java.util.HashSet∫DÖïñ∏∑4\0\0xpw\0\0\0?@\0\0\0\0\0t\0readt\0writet\0trustxsq\0~\0#w\0\0\0?@\0\0\0\0\0\0xsq\0~\0\Z?@\0\0\0\0\0\0w\0\0\0\0\0\0\0xppsq\0~\0#w\0\0\0?@\0\0\0\0\0\0xsq\0~\0#w\0\0\0?@\0\0\0\0\0\0xsr\0Oorg.springframework.security.authentication.UsernamePasswordAuthenticationToken\0\0\0\0\0\0\0L\0credentialsq\0~\0L\0	principalq\0~\0xq\0~\0sq\0~\0sq\0~\0\0\0\0w\0\0\0q\0~\0xq\0~\0/sr\0java.util.LinkedHashMap4¿N\\l¿˚\0Z\0accessOrderxq\0~\0\Z?@\0\0\0\0\0w\0\0\0\0\0\0q\0~\0q\0~\0q\0~\0q\0~\0x\0psr\02org.springframework.security.core.userdetails.User\0\0\0\0\0\0\0Z\0accountNonExpiredZ\0accountNonLockedZ\0credentialsNonExpiredZ\0enabledL\0authoritiesq\0~\0L\0passwordq\0~\0L\0usernameq\0~\0xpsq\0~\0 sr\0java.util.TreeSet›òPìï\Ìá[\0\0xpsr\0Forg.springframework.security.core.userdetails.User$AuthorityComparator\0\0\0\0\0\0\0\0xpw\0\0\0q\0~\0xpt\0Pam','832827320f78ad33aff4b5cdba3123b3');
/*!40000 ALTER TABLE `oauth_access_token` ENABLE KEYS */;
UNLOCK TABLES;

--
-- Table structure for table `oauth_refresh_token`
--

DROP TABLE IF EXISTS `oauth_refresh_token`;
/*!40101 SET @saved_cs_client     = @@character_set_client */;
/*!50503 SET character_set_client = utf8mb4 */;
CREATE TABLE `oauth_refresh_token` (
  `token_id` varchar(255) DEFAULT NULL,
  `token` mediumblob,
  `authentication` mediumblob
) ENGINE=InnoDB DEFAULT CHARSET=utf8mb4 COLLATE=utf8mb4_0900_ai_ci;
/*!40101 SET character_set_client = @saved_cs_client */;

--
-- Dumping data for table `oauth_refresh_token`
--

LOCK TABLES `oauth_refresh_token` WRITE;
/*!40000 ALTER TABLE `oauth_refresh_token` DISABLE KEYS */;
INSERT INTO `oauth_refresh_token` VALUES ('1',_binary '2',_binary '3'),('832827320f78ad33aff4b5cdba3123b3',_binary '¨\Ì\0sr\0Lorg.springframework.security.oauth2.common.DefaultExpiringOAuth2RefreshToken/\ﬂGcù\–…∑\0L\0\nexpirationt\0Ljava/util/Date;xr\0Dorg.springframework.security.oauth2.common.DefaultOAuth2RefreshTokens\·\ncT\‘^\0L\0valuet\0Ljava/lang/String;xpt\0$385edfd0-7e1d-402b-bc55-a7d58921797dsr\0java.util.DatehjÅKYt\0\0xpw\0\0o\Z©∞x',_binary '¨\Ì\0sr\0Aorg.springframework.security.oauth2.provider.OAuth2AuthenticationΩ@bR\0L\0\rstoredRequestt\0<Lorg/springframework/security/oauth2/provider/OAuth2Request;L\0userAuthenticationt\02Lorg/springframework/security/core/Authentication;xr\0Gorg.springframework.security.authentication.AbstractAuthenticationToken”™(~nGd\0Z\0\rauthenticatedL\0authoritiest\0Ljava/util/Collection;L\0detailst\0Ljava/lang/Object;xp\0sr\0&java.util.Collections$UnmodifiableList¸%1µ\Ïé\0L\0listt\0Ljava/util/List;xr\0,java.util.Collections$UnmodifiableCollectionB\0Ä\À^˜\0L\0cq\0~\0xpsr\0java.util.ArrayListxÅ\“ô\«aù\0I\0sizexp\0\0\0w\0\0\0sr\0Borg.springframework.security.core.authority.SimpleGrantedAuthority\0\0\0\0\0\0\0L\0rolet\0Ljava/lang/String;xpt\0	ROLE_USERxq\0~\0psr\0:org.springframework.security.oauth2.provider.OAuth2Request\0\0\0\0\0\0\0\0Z\0approvedL\0authoritiesq\0~\0L\0\nextensionst\0Ljava/util/Map;L\0redirectUriq\0~\0L\0refresht\0;Lorg/springframework/security/oauth2/provider/TokenRequest;L\0resourceIdst\0Ljava/util/Set;L\0\rresponseTypesq\0~\0xr\08org.springframework.security.oauth2.provider.BaseRequest6(z>£qiΩ\0L\0clientIdq\0~\0L\0requestParametersq\0~\0L\0scopeq\0~\0xpt\0Clientsr\0%java.util.Collections$UnmodifiableMapÒ•®˛tıB\0L\0mq\0~\0xpsr\0java.util.HashMap\⁄¡\√`\—\0F\0\nloadFactorI\0	thresholdxp?@\0\0\0\0\0w\0\0\0\0\0\0t\0\ngrant_typet\0passwordt\0usernamet\0Pamxsr\0%java.util.Collections$UnmodifiableSetÄí—èõÄU\0\0xq\0~\0	sr\0java.util.LinkedHashSet\ÿl\◊Zï\›*\0\0xr\0java.util.HashSet∫DÖïñ∏∑4\0\0xpw\0\0\0?@\0\0\0\0\0t\0readt\0writet\0trustxsq\0~\0#w\0\0\0?@\0\0\0\0\0\0xsq\0~\0\Z?@\0\0\0\0\0\0w\0\0\0\0\0\0\0xppsq\0~\0#w\0\0\0?@\0\0\0\0\0\0xsq\0~\0#w\0\0\0?@\0\0\0\0\0\0xsr\0Oorg.springframework.security.authentication.UsernamePasswordAuthenticationToken\0\0\0\0\0\0\0L\0credentialsq\0~\0L\0	principalq\0~\0xq\0~\0sq\0~\0sq\0~\0\0\0\0w\0\0\0q\0~\0xq\0~\0/sr\0java.util.LinkedHashMap4¿N\\l¿˚\0Z\0accessOrderxq\0~\0\Z?@\0\0\0\0\0w\0\0\0\0\0\0q\0~\0q\0~\0q\0~\0q\0~\0x\0psr\02org.springframework.security.core.userdetails.User\0\0\0\0\0\0\0Z\0accountNonExpiredZ\0accountNonLockedZ\0credentialsNonExpiredZ\0enabledL\0authoritiesq\0~\0L\0passwordq\0~\0L\0usernameq\0~\0xpsq\0~\0 sr\0java.util.TreeSet›òPìï\Ìá[\0\0xpsr\0Forg.springframework.security.core.userdetails.User$AuthorityComparator\0\0\0\0\0\0\0\0xpw\0\0\0q\0~\0xpt\0Pam'),('2c1efdf9c2905a4e62f570745d2082cf',_binary '¨\Ì\0sr\0Lorg.springframework.security.oauth2.common.DefaultExpiringOAuth2RefreshToken/\ﬂGcù\–…∑\0L\0\nexpirationt\0Ljava/util/Date;xr\0Dorg.springframework.security.oauth2.common.DefaultOAuth2RefreshTokens\·\ncT\‘^\0L\0valuet\0Ljava/lang/String;xpt\0$1c7ab0a1-63f1-4e26-bc21-37f6a37a0665sr\0java.util.DatehjÅKYt\0\0xpw\0\0o/2\nx',_binary '¨\Ì\0sr\0Aorg.springframework.security.oauth2.provider.OAuth2AuthenticationΩ@bR\0L\0\rstoredRequestt\0<Lorg/springframework/security/oauth2/provider/OAuth2Request;L\0userAuthenticationt\02Lorg/springframework/security/core/Authentication;xr\0Gorg.springframework.security.authentication.AbstractAuthenticationToken”™(~nGd\0Z\0\rauthenticatedL\0authoritiest\0Ljava/util/Collection;L\0detailst\0Ljava/lang/Object;xp\0sr\0&java.util.Collections$UnmodifiableList¸%1µ\Ïé\0L\0listt\0Ljava/util/List;xr\0,java.util.Collections$UnmodifiableCollectionB\0Ä\À^˜\0L\0cq\0~\0xpsr\0java.util.ArrayListxÅ\“ô\«aù\0I\0sizexp\0\0\0w\0\0\0sr\0Borg.springframework.security.core.authority.SimpleGrantedAuthority\0\0\0\0\0\0\0L\0rolet\0Ljava/lang/String;xpt\0\nROLE_ADMINxq\0~\0psr\0:org.springframework.security.oauth2.provider.OAuth2Request\0\0\0\0\0\0\0\0Z\0approvedL\0authoritiesq\0~\0L\0\nextensionst\0Ljava/util/Map;L\0redirectUriq\0~\0L\0refresht\0;Lorg/springframework/security/oauth2/provider/TokenRequest;L\0resourceIdst\0Ljava/util/Set;L\0\rresponseTypesq\0~\0xr\08org.springframework.security.oauth2.provider.BaseRequest6(z>£qiΩ\0L\0clientIdq\0~\0L\0requestParametersq\0~\0L\0scopeq\0~\0xpt\0Clientsr\0%java.util.Collections$UnmodifiableMapÒ•®˛tıB\0L\0mq\0~\0xpsr\0java.util.HashMap\⁄¡\√`\—\0F\0\nloadFactorI\0	thresholdxp?@\0\0\0\0\0w\0\0\0\0\0\0t\0\ngrant_typet\0passwordt\0usernamet\0Timxsr\0%java.util.Collections$UnmodifiableSetÄí—èõÄU\0\0xq\0~\0	sr\0java.util.LinkedHashSet\ÿl\◊Zï\›*\0\0xr\0java.util.HashSet∫DÖïñ∏∑4\0\0xpw\0\0\0?@\0\0\0\0\0t\0readt\0writet\0trustxsq\0~\0#w\0\0\0?@\0\0\0\0\0\0xsq\0~\0\Z?@\0\0\0\0\0\0w\0\0\0\0\0\0\0xppsq\0~\0#w\0\0\0?@\0\0\0\0\0\0xsq\0~\0#w\0\0\0?@\0\0\0\0\0\0xsr\0Oorg.springframework.security.authentication.UsernamePasswordAuthenticationToken\0\0\0\0\0\0\0L\0credentialsq\0~\0L\0	principalq\0~\0xq\0~\0sq\0~\0sq\0~\0\0\0\0w\0\0\0q\0~\0xq\0~\0/sr\0java.util.LinkedHashMap4¿N\\l¿˚\0Z\0accessOrderxq\0~\0\Z?@\0\0\0\0\0w\0\0\0\0\0\0q\0~\0q\0~\0q\0~\0q\0~\0x\0psr\02org.springframework.security.core.userdetails.User\0\0\0\0\0\0\0Z\0accountNonExpiredZ\0accountNonLockedZ\0credentialsNonExpiredZ\0enabledL\0authoritiesq\0~\0L\0passwordq\0~\0L\0usernameq\0~\0xpsq\0~\0 sr\0java.util.TreeSet›òPìï\Ìá[\0\0xpsr\0Forg.springframework.security.core.userdetails.User$AuthorityComparator\0\0\0\0\0\0\0\0xpw\0\0\0q\0~\0xpt\0Tim'),('a8590c9eb4458d270790a70739a67216',_binary '¨\Ì\0sr\0Lorg.springframework.security.oauth2.common.DefaultExpiringOAuth2RefreshToken/\ﬂGcù\–…∑\0L\0\nexpirationt\0Ljava/util/Date;xr\0Dorg.springframework.security.oauth2.common.DefaultOAuth2RefreshTokens\·\ncT\‘^\0L\0valuet\0Ljava/lang/String;xpt\0$4e447541-b60a-4388-9f04-44eb4a3ec12bsr\0java.util.DatehjÅKYt\0\0xpw\0\0o0ãzèx',_binary '¨\Ì\0sr\0Aorg.springframework.security.oauth2.provider.OAuth2AuthenticationΩ@bR\0L\0\rstoredRequestt\0<Lorg/springframework/security/oauth2/provider/OAuth2Request;L\0userAuthenticationt\02Lorg/springframework/security/core/Authentication;xr\0Gorg.springframework.security.authentication.AbstractAuthenticationToken”™(~nGd\0Z\0\rauthenticatedL\0authoritiest\0Ljava/util/Collection;L\0detailst\0Ljava/lang/Object;xp\0sr\0&java.util.Collections$UnmodifiableList¸%1µ\Ïé\0L\0listt\0Ljava/util/List;xr\0,java.util.Collections$UnmodifiableCollectionB\0Ä\À^˜\0L\0cq\0~\0xpsr\0java.util.ArrayListxÅ\“ô\«aù\0I\0sizexp\0\0\0w\0\0\0sr\0Borg.springframework.security.core.authority.SimpleGrantedAuthority\0\0\0\0\0\0\0L\0rolet\0Ljava/lang/String;xpt\0ROLE_TEACHERxq\0~\0psr\0:org.springframework.security.oauth2.provider.OAuth2Request\0\0\0\0\0\0\0\0Z\0approvedL\0authoritiesq\0~\0L\0\nextensionst\0Ljava/util/Map;L\0redirectUriq\0~\0L\0refresht\0;Lorg/springframework/security/oauth2/provider/TokenRequest;L\0resourceIdst\0Ljava/util/Set;L\0\rresponseTypesq\0~\0xr\08org.springframework.security.oauth2.provider.BaseRequest6(z>£qiΩ\0L\0clientIdq\0~\0L\0requestParametersq\0~\0L\0scopeq\0~\0xpt\0Clientsr\0%java.util.Collections$UnmodifiableMapÒ•®˛tıB\0L\0mq\0~\0xpsr\0java.util.HashMap\⁄¡\√`\—\0F\0\nloadFactorI\0	thresholdxp?@\0\0\0\0\0w\0\0\0\0\0\0t\0\ngrant_typet\0passwordt\0usernamet\0Cookxsr\0%java.util.Collections$UnmodifiableSetÄí—èõÄU\0\0xq\0~\0	sr\0java.util.LinkedHashSet\ÿl\◊Zï\›*\0\0xr\0java.util.HashSet∫DÖïñ∏∑4\0\0xpw\0\0\0?@\0\0\0\0\0t\0readt\0writet\0trustxsq\0~\0#w\0\0\0?@\0\0\0\0\0\0xsq\0~\0\Z?@\0\0\0\0\0\0w\0\0\0\0\0\0\0xppsq\0~\0#w\0\0\0?@\0\0\0\0\0\0xsq\0~\0#w\0\0\0?@\0\0\0\0\0\0xsr\0Oorg.springframework.security.authentication.UsernamePasswordAuthenticationToken\0\0\0\0\0\0\0L\0credentialsq\0~\0L\0	principalq\0~\0xq\0~\0sq\0~\0sq\0~\0\0\0\0w\0\0\0q\0~\0xq\0~\0/sr\0java.util.LinkedHashMap4¿N\\l¿˚\0Z\0accessOrderxq\0~\0\Z?@\0\0\0\0\0w\0\0\0\0\0\0q\0~\0q\0~\0q\0~\0q\0~\0x\0psr\02org.springframework.security.core.userdetails.User\0\0\0\0\0\0\0Z\0accountNonExpiredZ\0accountNonLockedZ\0credentialsNonExpiredZ\0enabledL\0authoritiesq\0~\0L\0passwordq\0~\0L\0usernameq\0~\0xpsq\0~\0 sr\0java.util.TreeSet›òPìï\Ìá[\0\0xpsr\0Forg.springframework.security.core.userdetails.User$AuthorityComparator\0\0\0\0\0\0\0\0xpw\0\0\0q\0~\0xpt\0Cook');
/*!40000 ALTER TABLE `oauth_refresh_token` ENABLE KEYS */;
UNLOCK TABLES;

--
-- Table structure for table `role`
--

DROP TABLE IF EXISTS `role`;
/*!40101 SET @saved_cs_client     = @@character_set_client */;
/*!50503 SET character_set_client = utf8mb4 */;
CREATE TABLE `role` (
  `role_id` int(11) NOT NULL AUTO_INCREMENT,
  `role_name` varchar(45) NOT NULL,
  PRIMARY KEY (`role_id`)
) ENGINE=InnoDB AUTO_INCREMENT=4 DEFAULT CHARSET=utf8mb4 COLLATE=utf8mb4_0900_ai_ci;
/*!40101 SET character_set_client = @saved_cs_client */;

--
-- Dumping data for table `role`
--

LOCK TABLES `role` WRITE;
/*!40000 ALTER TABLE `role` DISABLE KEYS */;
INSERT INTO `role` VALUES (1,'ROLE_ADMIN'),(2,'ROLE_TEACHER'),(3,'ROLE_STUDENT');
/*!40000 ALTER TABLE `role` ENABLE KEYS */;
UNLOCK TABLES;

--
-- Table structure for table `student`
--

DROP TABLE IF EXISTS `student`;
/*!40101 SET @saved_cs_client     = @@character_set_client */;
/*!50503 SET character_set_client = utf8mb4 */;
CREATE TABLE `student` (
  `student_id` int(11) NOT NULL,
  `name` varchar(45) NOT NULL,
  `course_id` int(11) DEFAULT NULL,
  `reg_no` bigint(20) DEFAULT NULL,
  PRIMARY KEY (`student_id`)
) ENGINE=InnoDB DEFAULT CHARSET=utf8mb4 COLLATE=utf8mb4_0900_ai_ci;
/*!40101 SET character_set_client = @saved_cs_client */;

--
-- Dumping data for table `student`
--

LOCK TABLES `student` WRITE;
/*!40000 ALTER TABLE `student` DISABLE KEYS */;
INSERT INTO `student` VALUES (4,'Jack',2,991),(5,'Jill',NULL,NULL),(6,'Paul',1,212),(7,'Mitchell',4,991),(14,'John',2,991),(19,'Madison',1,991);
/*!40000 ALTER TABLE `student` ENABLE KEYS */;
UNLOCK TABLES;

--
-- Table structure for table `teacher`
--

DROP TABLE IF EXISTS `teacher`;
/*!40101 SET @saved_cs_client     = @@character_set_client */;
/*!50503 SET character_set_client = utf8mb4 */;
CREATE TABLE `teacher` (
  `Teacher_id` int(11) NOT NULL,
  `teacher_name` varchar(255) DEFAULT NULL,
  PRIMARY KEY (`Teacher_id`),
  CONSTRAINT `teacher_ibfk_1` FOREIGN KEY (`Teacher_id`) REFERENCES `user` (`User_id`) ON DELETE CASCADE ON UPDATE CASCADE
) ENGINE=InnoDB DEFAULT CHARSET=utf8mb4 COLLATE=utf8mb4_0900_ai_ci;
/*!40101 SET character_set_client = @saved_cs_client */;

--
-- Dumping data for table `teacher`
--

LOCK TABLES `teacher` WRITE;
/*!40000 ALTER TABLE `teacher` DISABLE KEYS */;
INSERT INTO `teacher` VALUES (2,'Cook'),(3,'Pam');
/*!40000 ALTER TABLE `teacher` ENABLE KEYS */;
UNLOCK TABLES;

--
-- Table structure for table `user`
--

DROP TABLE IF EXISTS `user`;
/*!40101 SET @saved_cs_client     = @@character_set_client */;
/*!50503 SET character_set_client = utf8mb4 */;
CREATE TABLE `user` (
  `User_id` int(11) NOT NULL AUTO_INCREMENT,
  `user_name` varchar(45) NOT NULL,
  `password` varchar(150) NOT NULL,
  `role_id` int(11) NOT NULL,
  PRIMARY KEY (`User_id`),
  KEY `fk_role_idx` (`role_id`),
  CONSTRAINT `FKn82ha3ccdebhokx3a8fgdqeyy` FOREIGN KEY (`role_id`) REFERENCES `role` (`role_id`)
) ENGINE=InnoDB AUTO_INCREMENT=20 DEFAULT CHARSET=utf8mb4 COLLATE=utf8mb4_0900_ai_ci;
/*!40101 SET character_set_client = @saved_cs_client */;

--
-- Dumping data for table `user`
--

LOCK TABLES `user` WRITE;
/*!40000 ALTER TABLE `user` DISABLE KEYS */;
INSERT INTO `user` VALUES (1,'Tim','$2a$10$yS3A95pgXy9AT1pNYfog1..35m5I7/qGGp4K3rIFn5erHPHJtbWRC',1),(2,'Cook','$2a$10$yS3A95pgXy9AT1pNYfog1..35m5I7/qGGp4K3rIFn5erHPHJtbWRC',2),(3,'Pam','$2a$10$yS3A95pgXy9AT1pNYfog1..35m5I7/qGGp4K3rIFn5erHPHJtbWRC',2),(4,'Jack','$2a$10$yS3A95pgXy9AT1pNYfog1..35m5I7/qGGp4K3rIFn5erHPHJtbWRC',3),(5,'Jill','$10$yS3A95pgXy9AT1pNYfog1..35m5I7/qGGp4K3rIFn5erHPHJtbWRC',3),(6,'Paul','$2a$10$c1LMqt0GL0lwMZRMLl1T3eUJsheVANzWGP9duT1mN85AfuX4NnsT6',3),(14,'John','$2a$10$cBy/H0gzvZQIm3fxL6wq7.hBBp6kUP/On200lPquJeRUH3BEO/Qxy',3),(19,'Madison','$2a$10$MMOl.KgDxHBboh2DN7JyHOu7fpJy1wx0HTzKlUeyCElVED6/4rzxi',3);
/*!40000 ALTER TABLE `user` ENABLE KEYS */;
UNLOCK TABLES;
/*!40103 SET TIME_ZONE=@OLD_TIME_ZONE */;

/*!40101 SET SQL_MODE=@OLD_SQL_MODE */;
/*!40014 SET FOREIGN_KEY_CHECKS=@OLD_FOREIGN_KEY_CHECKS */;
/*!40014 SET UNIQUE_CHECKS=@OLD_UNIQUE_CHECKS */;
/*!40101 SET CHARACTER_SET_CLIENT=@OLD_CHARACTER_SET_CLIENT */;
/*!40101 SET CHARACTER_SET_RESULTS=@OLD_CHARACTER_SET_RESULTS */;
/*!40101 SET COLLATION_CONNECTION=@OLD_COLLATION_CONNECTION */;
/*!40111 SET SQL_NOTES=@OLD_SQL_NOTES */;
commit;
-- Dump completed on 2019-12-23  2:02:35
